_id,COUNTY,COUSUB,FIPS,NAME,2010_Total_Population,2010_White_Alone_Population,2010_Black_Alone_Population,2010_American_Indian_and_Alaska_Native_alone_population,2010_Asian_Alone_Population,2010_Native_Hawaiian_and_Other_Pacific_Islander_alone_Populatio,2010_Any_other_single_race_alone_Popualtion,2010_Population_two_or_more_races,2010_Hispanic_or_Latino_Population,2020_Total_Population,2020_White_Alone_Population,2020_Black_Alone_Population,2020_American_Indian_and_Alaska_Native_alone_population,2020_Asian_Alone_Population,2020_Native_Hawaiian_and_Other_Pacific_Islander_alone_Populatio,2020_Any_other_single_race_alone_Popualtion,2020_Population_two_or_more_races,2020_Hispanic_or_Latino_Population,Change_2010_to_2020_Total_Population,Change_2010_to_2020_White_Alone_Population,Change_2010_to_2020_Black_Alone_Population,Change_2010_to_2020_American_Indian_and_Alaska_Native_alone_pop,Change_2010_to_2020_Asian_Alone_Population,Change_2010_to_2020_Native_Hawaiian_and_Other_Pacific_Islander_,Change_2010_to_2020_Any_other_single_race_alone_Popualtion,Change_2010_to_2020_Population_two_or_more_races,Change_2010_to_2020_Hispanic_or_Latino_Population,Percent_Change_2010_to_2020_Total_Population,Percent_Change_2010_to_2020_White_Alone_Population,Percent_Change_2010_to_2020_Black_Alone_Population,Percent_Change_2010_to_2020_American_Indian_and_Alaska_Native_a,Percent_Change_2010_to_2020_Asian_Alone_Population,Percent_Change_2010_to_2020_Native_Hawaiian_and_Other_Pacific_I,Percent_Change_2010_to_2020_Any_other_single_race_alone_Popualt,Percent_Change_2010_to_2020_Population_two_or_more_races,Percent_Change_2010_to_2020_Hispanic_or_Latino_Population
1,Allegheny,724,4200300724,Aleppo township,1916,1856,28,0,15,0,2,15,14,1825,1701,28,0,19,0,19,58,36,-91,-155,0,0,4,0,17,43,22,-4.70%,-8.40%,0.00%,,26.70%,,850.00%,286.70%,157.10%
2,Allegheny,3320,4200303320,Aspinwall borough,2801,2568,40,1,151,0,4,37,52,2916,2510,58,1,172,0,17,158,93,115,-58,18,0,21,0,13,121,41,4.10%,-2.30%,45.00%,0.00%,13.90%,,325.00%,327.00%,78.80%
3,Allegheny,3608,4200303608,Avalon borough,4705,4118,408,20,25,0,15,119,57,4762,3822,538,10,58,2,50,282,136,57,-296,130,-10,33,2,35,163,79,1.20%,-7.20%,31.90%,-50.00%,132.00%,,233.30%,137.00%,138.60%
4,Allegheny,3928,4200303928,Baldwin borough,19767,18110,1056,21,246,4,54,276,214,21510,16812,1105,25,2617,16,163,772,342,1743,-1298,49,4,2371,12,109,496,128,8.80%,-7.20%,4.60%,19.00%,963.80%,300.00%,201.90%,179.70%,59.80%
5,Allegheny,3932,4200303932,Baldwin township,1992,1923,5,0,33,0,1,30,11,1985,1790,26,0,74,0,12,83,23,-7,-133,21,0,41,0,11,53,12,-0.40%,-6.90%,420.00%,,124.20%,,1100.00%,176.70%,109.10%
6,Allegheny,5216,4200305216,Bell Acres borough,1388,1307,37,1,18,2,3,20,18,1505,1361,26,0,22,3,18,75,39,117,54,-11,-1,4,1,15,55,21,8.40%,4.10%,-29.70%,-100.00%,22.20%,50.00%,500.00%,275.00%,116.70%
7,Allegheny,5312,4200305312,Bellevue borough,8370,7266,748,5,90,3,38,220,162,8311,6473,1032,18,132,4,84,568,244,-59,-793,284,13,42,1,46,348,82,-0.70%,-10.90%,38.00%,260.00%,46.70%,33.30%,121.10%,158.20%,50.60%
8,Allegheny,5504,4200305504,Ben Avon borough,1781,1669,65,2,15,0,4,26,19,1918,1690,72,4,26,3,6,117,51,137,21,7,2,11,3,2,91,32,7.70%,1.30%,10.80%,100.00%,73.30%,,50.00%,350.00%,168.40%
9,Allegheny,5520,4200305520,Ben Avon Heights borough,371,363,1,0,1,0,0,6,3,400,379,2,0,0,0,1,18,1,29,16,1,0,-1,0,1,12,-2,7.80%,4.40%,100.00%,,-100.00%,,,200.00%,-66.70%
10,Allegheny,6064,4200306064,Bethel Park municipality,32313,31049,411,19,462,4,82,286,313,33577,30582,488,23,935,9,193,1347,594,1264,-467,77,4,473,5,111,1061,281,3.90%,-1.50%,18.70%,21.10%,102.40%,125.00%,135.40%,371.00%,89.80%
11,Allegheny,7000,4200307000,Blawnox borough,1432,1330,27,2,57,0,0,16,12,1454,1185,72,0,103,0,16,78,35,22,-145,45,-2,46,0,16,62,23,1.50%,-10.90%,166.70%,-100.00%,80.70%,,,387.50%,191.70%
12,Allegheny,7976,4200307976,Brackenridge borough,3260,3040,141,3,10,1,12,53,22,3240,2760,227,5,19,1,16,212,63,-20,-280,86,2,9,0,4,159,41,-0.60%,-9.20%,61.00%,66.70%,90.00%,0.00%,33.30%,300.00%,186.40%
13,Allegheny,7992,4200307992,Braddock borough,2159,495,1570,16,3,4,19,52,40,1721,323,1233,5,7,1,27,125,42,-438,-172,-337,-11,4,-3,8,73,2,-20.30%,-34.70%,-21.50%,-68.80%,133.30%,-75.00%,42.10%,140.40%,5.00%
14,Allegheny,8008,4200308008,Braddock Hills borough,1880,1295,525,5,6,0,10,39,26,1730,1019,578,3,12,0,24,94,47,-150,-276,53,-2,6,0,14,55,21,-8.00%,-21.30%,10.10%,-40.00%,100.00%,,140.00%,141.00%,80.80%
15,Allegheny,8064,4200308064,Bradford Woods borough,1171,1140,7,0,11,2,3,8,6,1183,1087,7,5,15,1,12,56,25,12,-53,0,5,4,-1,9,48,19,1.00%,-4.60%,0.00%,,36.40%,-50.00%,300.00%,600.00%,316.70%
16,Allegheny,8416,4200308416,Brentwood borough,9643,9177,197,17,76,4,43,129,169,10082,8080,573,25,713,3,186,502,343,439,-1097,376,8,637,-1,143,373,174,4.60%,-12.00%,190.90%,47.10%,838.20%,-25.00%,332.60%,289.10%,103.00%
17,Allegheny,8624,4200308624,Bridgeville borough,5148,4747,214,3,64,0,22,98,58,4804,4254,201,2,60,0,47,240,110,-344,-493,-13,-1,-4,0,25,142,52,-6.70%,-10.40%,-6.10%,-33.30%,-6.30%,,113.60%,144.90%,89.70%
18,Allegheny,11336,4200311336,Carnegie borough,7972,6988,589,13,129,6,31,216,130,8134,6408,581,23,486,2,109,525,219,162,-580,-8,10,357,-4,78,309,89,2.00%,-8.30%,-1.40%,76.90%,276.70%,-66.70%,251.60%,143.10%,68.50%
19,Allegheny,11680,4200311680,Castle Shannon borough,8316,7806,169,3,199,0,35,104,94,8249,6969,307,9,533,2,64,365,171,-67,-837,138,6,334,2,29,261,77,-0.80%,-10.70%,81.70%,200.00%,167.80%,,82.90%,251.00%,81.90%
20,Allegheny,12496,4200312496,Chalfant borough,800,687,65,6,4,0,7,31,3,748,569,107,0,5,0,11,56,22,-52,-118,42,-6,1,0,4,25,19,-6.50%,-17.20%,64.60%,-100.00%,25.00%,,57.10%,80.60%,633.30%
21,Allegheny,13392,4200313392,Cheswick borough,1746,1725,3,1,7,0,2,8,10,1672,1556,1,0,11,0,8,96,26,-74,-169,-2,-1,4,0,6,88,16,-4.20%,-9.80%,-66.70%,-100.00%,57.10%,,300.00%,1100.00%,160.00%
22,Allegheny,13608,4200313608,Churchill borough,3011,2465,417,0,80,0,13,36,54,3157,2334,526,0,85,0,28,184,62,146,-131,109,0,5,0,15,148,8,4.80%,-5.30%,26.10%,,6.30%,,115.40%,411.10%,14.80%
23,Allegheny,13704,4200313704,Clairton city,6796,3973,2557,6,20,0,27,213,108,6181,3021,2581,20,39,0,81,439,172,-615,-952,24,14,19,0,54,226,64,-9.00%,-24.00%,0.90%,233.30%,95.00%,,200.00%,106.10%,59.30%
24,Allegheny,15216,4200315216,Collier township,7080,6676,90,3,237,6,10,58,69,8935,7990,155,6,382,5,67,330,151,1855,1314,65,3,145,-1,57,272,82,26.20%,19.70%,72.20%,100.00%,61.20%,-16.70%,570.00%,469.00%,118.80%
25,Allegheny,16144,4200316144,Coraopolis borough,5677,4718,679,10,20,7,46,197,104,5559,4254,644,18,27,1,161,454,343,-118,-464,-35,8,7,-6,115,257,239,-2.10%,-9.80%,-5.20%,80.00%,35.00%,-85.70%,250.00%,130.50%,229.80%
26,Allegheny,16848,4200316848,Crafton borough,5951,5460,276,4,45,2,14,150,86,6099,5047,527,4,85,2,76,358,174,148,-413,251,0,40,0,62,208,88,2.50%,-7.60%,90.90%,0.00%,88.90%,0.00%,442.90%,138.70%,102.30%
27,Allegheny,17048,4200317048,Crescent township,2640,2502,57,5,38,0,4,34,36,2488,2198,97,8,37,0,25,123,57,-152,-304,40,3,-1,0,21,89,21,-5.80%,-12.20%,70.20%,60.00%,-2.60%,,525.00%,261.80%,58.30%
28,Allegheny,19576,4200319576,Dormont borough,8593,8092,181,7,132,0,67,114,214,8244,7255,267,21,179,3,126,393,326,-349,-837,86,14,47,3,59,279,112,-4.10%,-10.30%,47.50%,200.00%,35.60%,,88.10%,244.70%,52.30%
29,Allegheny,19856,4200319856,Dravosburg borough,1792,1691,53,13,5,0,0,30,19,1612,1384,130,5,5,2,5,81,20,-180,-307,77,-8,0,2,5,51,1,-10.00%,-18.20%,145.30%,-61.50%,0.00%,,,170.00%,5.30%
30,Allegheny,20432,4200320432,Duquesne city,5565,2204,3077,11,20,0,43,210,126,5254,1761,2973,15,8,1,121,375,177,-311,-443,-104,4,-12,1,78,165,51,-5.60%,-20.10%,-3.40%,36.40%,-60.00%,,181.40%,78.60%,40.50%
31,Allegheny,21024,4200321024,East Deer township,1500,1434,28,0,9,0,1,28,2,1490,1319,41,3,11,0,9,107,15,-10,-115,13,3,2,0,8,79,13,-0.70%,-8.00%,46.40%,,22.20%,,800.00%,282.10%,650.00%
32,Allegheny,21444,4200321444,East McKeesport borough,2126,1895,149,1,6,0,19,56,39,2076,1533,385,0,8,0,31,119,49,-50,-362,236,-1,2,0,12,63,10,-2.40%,-19.10%,158.40%,-100.00%,33.30%,,63.20%,112.50%,25.60%
33,Allegheny,21712,4200321712,East Pittsburgh borough,1822,890,828,1,4,0,12,87,46,1927,612,1127,5,5,0,31,147,76,105,-278,299,4,1,0,19,60,30,5.80%,-31.20%,36.10%,400.00%,25.00%,,158.30%,69.00%,65.20%
34,Allegheny,22520,4200322520,Edgewood borough,3118,2653,290,10,81,2,17,65,84,3145,2546,307,8,83,0,24,177,107,27,-107,17,-2,2,-2,7,112,23,0.90%,-4.00%,5.90%,-20.00%,2.50%,-100.00%,41.20%,172.30%,27.40%
35,Allegheny,22576,4200322576,Edgeworth borough,1680,1632,17,0,12,0,2,17,27,1669,1535,13,0,22,0,8,91,56,-11,-97,-4,0,10,0,6,74,29,-0.70%,-5.90%,-23.50%,,83.30%,,300.00%,435.30%,107.40%
36,Allegheny,22992,4200322992,Elizabeth borough,1493,1374,73,5,3,0,0,38,19,1398,1220,79,0,2,0,6,91,23,-95,-154,6,-5,-1,0,6,53,4,-6.40%,-11.20%,8.20%,-100.00%,-33.30%,,,139.50%,21.10%
37,Allegheny,23000,4200323000,Elizabeth township,13271,12887,203,12,37,2,19,111,83,12982,12088,290,7,48,0,43,506,157,-289,-799,87,-5,11,-2,24,395,74,-2.20%,-6.20%,42.90%,-41.70%,29.70%,-100.00%,126.30%,355.90%,89.20%
38,Allegheny,23616,4200323616,Emsworth borough,2449,2248,108,0,41,0,16,36,25,2525,2169,103,8,47,0,40,158,92,76,-79,-5,8,6,0,24,122,67,3.10%,-3.50%,-4.60%,,14.60%,,150.00%,338.90%,268.00%
39,Allegheny,24160,4200324160,Etna borough,3451,3304,47,3,25,0,23,49,65,3437,3019,144,4,36,3,42,189,115,-14,-285,97,1,11,3,19,140,50,-0.40%,-8.60%,206.40%,33.30%,44.00%,,82.60%,285.70%,76.90%
40,Allegheny,25400,4200325400,Fawn township,2376,2326,9,2,16,1,2,20,9,2210,2121,7,0,10,1,11,60,18,-166,-205,-2,-2,-6,0,9,40,9,-7.00%,-8.80%,-22.20%,-100.00%,-37.50%,0.00%,450.00%,200.00%,100.00%
41,Allegheny,25904,4200325904,Findlay township,5060,4862,98,4,37,0,5,54,42,6372,5738,149,1,104,3,71,306,167,1312,876,51,-3,67,3,66,252,125,25.90%,18.00%,52.00%,-75.00%,181.10%,,1320.00%,466.70%,297.60%
42,Allegheny,26592,4200326592,Forest Hills borough,6518,5715,596,6,77,1,26,97,86,6429,4965,971,6,120,2,48,317,159,-89,-750,375,0,43,1,22,220,73,-1.40%,-13.10%,62.90%,0.00%,55.80%,100.00%,84.60%,226.80%,84.90%
43,Allegheny,26896,4200326896,Forward township,3376,3291,46,3,5,1,8,22,19,3070,2899,31,1,3,2,26,108,32,-306,-392,-15,-2,-2,1,18,86,13,-9.10%,-11.90%,-32.60%,-66.70%,-40.00%,100.00%,225.00%,390.90%,68.40%
44,Allegheny,27120,4200327120,Fox Chapel borough,5388,4950,46,6,307,3,12,64,75,5343,4578,64,0,398,0,23,280,151,-45,-372,18,-6,91,-3,11,216,76,-0.80%,-7.50%,39.10%,-100.00%,29.60%,-100.00%,91.70%,337.50%,101.30%
45,Allegheny,27552,4200327552,Franklin Park borough,13470,11698,163,16,1397,7,32,157,202,15479,11838,187,19,2622,11,115,687,306,2009,140,24,3,1225,4,83,530,104,14.90%,1.20%,14.70%,18.80%,87.70%,57.10%,259.40%,337.60%,51.50%
46,Allegheny,27608,4200327608,Frazer township,1157,1129,1,0,6,0,3,18,4,1161,1090,2,3,8,0,0,58,16,4,-39,1,3,2,0,-3,40,12,0.30%,-3.50%,100.00%,,33.30%,,-100.00%,222.20%,300.00%
47,Allegheny,29432,4200329432,Glassport borough,4483,4312,76,10,11,2,5,67,57,4475,3681,408,12,16,2,67,289,128,-8,-631,332,2,5,0,62,222,71,-0.20%,-14.60%,436.80%,20.00%,45.50%,0.00%,1240.00%,331.30%,124.60%
48,Allegheny,29732,4200329732,Glen Osborne borough,547,523,9,0,10,0,0,5,3,590,525,15,0,3,1,6,40,29,43,2,6,0,-7,1,6,35,26,7.90%,0.40%,66.70%,,-70.00%,,,700.00%,866.70%
49,Allegheny,29592,4200329592,Glenfield borough,205,194,0,2,5,0,1,3,1,212,195,6,0,3,0,1,7,3,7,1,6,-2,-2,0,0,4,2,3.40%,0.50%,,-100.00%,-40.00%,,0.00%,133.30%,200.00%
50,Allegheny,31256,4200331256,Green Tree borough,4432,4195,78,3,112,1,7,36,51,4941,4208,147,1,312,0,39,234,117,509,13,69,-2,200,-1,32,198,66,11.50%,0.30%,88.50%,-66.70%,178.60%,-100.00%,457.10%,550.00%,129.40%
51,Allegheny,32328,4200332328,Hampton township,18363,17630,166,9,385,1,28,144,148,18479,17086,146,15,512,5,98,617,320,116,-544,-20,6,127,4,70,473,172,0.60%,-3.10%,-12.00%,66.70%,33.00%,400.00%,250.00%,328.50%,116.20%
52,Allegheny,32624,4200332624,Harmar township,2921,2854,18,1,21,1,0,26,32,3133,2901,37,2,55,0,12,126,46,212,47,19,1,34,-1,12,100,14,7.30%,1.60%,105.60%,100.00%,161.90%,-100.00%,,384.60%,43.80%
53,Allegheny,32832,4200332832,Harrison township,10461,9808,366,14,61,0,17,195,97,10157,9006,428,13,109,1,58,542,148,-304,-802,62,-1,48,1,41,347,51,-2.90%,-8.20%,16.90%,-7.10%,78.70%,,241.20%,177.90%,52.60%
54,Allegheny,33312,4200333312,Haysville borough,70,66,0,0,1,0,2,1,2,81,75,0,0,0,0,0,6,1,11,9,0,0,-1,0,-2,5,-1,15.70%,13.60%,,,-100.00%,,-100.00%,500.00%,-50.00%
55,Allegheny,33592,4200333592,Heidelberg borough,1244,1193,29,0,5,0,4,13,19,1288,1143,51,3,16,0,11,64,30,44,-50,22,3,11,0,7,51,11,3.50%,-4.20%,75.90%,,220.00%,,175.00%,392.30%,57.90%
56,Allegheny,35424,4200335424,Homestead borough,3165,1037,1872,6,96,0,24,130,58,2884,821,1754,5,54,0,63,187,94,-281,-216,-118,-1,-42,0,39,57,36,-8.90%,-20.80%,-6.30%,-16.70%,-43.80%,,162.50%,43.80%,62.10%
57,Allegheny,36808,4200336808,Indiana township,7253,6641,99,9,405,0,30,69,119,7254,6337,118,8,400,3,38,350,166,1,-304,19,-1,-5,3,8,281,47,0.00%,-4.60%,19.20%,-11.10%,-1.20%,,26.70%,407.20%,39.50%
58,Allegheny,37000,4200337000,Ingram borough,3330,3053,189,6,24,0,9,49,37,3391,2783,307,10,43,0,24,224,59,61,-270,118,4,19,0,15,175,22,1.80%,-8.80%,62.40%,66.70%,79.20%,,166.70%,357.10%,59.50%
59,Allegheny,37955,4200337955,Jefferson Hills borough,10619,10184,191,11,143,2,19,69,96,12424,11092,290,9,461,1,62,509,243,1805,908,99,-2,318,-1,43,440,147,17.00%,8.90%,51.80%,-18.20%,222.40%,-50.00%,226.30%,637.70%,153.10%
60,Allegheny,39312,4200339312,Kennedy township,7672,7435,97,5,62,1,8,64,45,8701,7865,324,2,135,0,50,325,141,1029,430,227,-3,73,-1,42,261,96,13.40%,5.80%,234.00%,-60.00%,117.70%,-100.00%,525.00%,407.80%,213.30%
61,Allegheny,39624,4200339624,Kilbuck township,697,682,5,0,1,0,0,9,4,773,733,7,0,8,0,1,24,3,76,51,2,0,7,0,1,15,-1,10.90%,7.50%,40.00%,,700.00%,,,166.70%,-25.00%
62,Allegheny,42368,4200342368,Leet township,1634,1497,57,4,43,0,6,27,34,1624,1409,55,2,35,0,21,102,59,-10,-88,-2,-2,-8,0,15,75,25,-0.60%,-5.90%,-3.50%,-50.00%,-18.60%,,250.00%,277.80%,73.50%
63,Allegheny,42392,4200342392,Leetsdale borough,1218,1048,93,1,18,0,10,48,28,1162,922,95,2,23,0,15,105,43,-56,-126,2,1,5,0,5,57,15,-4.60%,-12.00%,2.20%,100.00%,27.80%,,50.00%,118.80%,53.60%
64,Allegheny,43064,4200343064,Liberty borough,2551,2487,36,3,6,0,2,17,11,2355,2183,45,2,5,0,5,115,32,-196,-304,9,-1,-1,0,3,98,21,-7.70%,-12.20%,25.00%,-33.30%,-16.70%,,150.00%,576.50%,190.90%
65,Allegheny,43408,4200343408,Lincoln borough,1072,1054,7,1,4,0,0,6,2,932,891,4,3,0,1,13,20,5,-140,-163,-3,2,-4,1,13,14,3,-13.10%,-15.50%,-42.90%,200.00%,-100.00%,,,233.30%,150.00%
66,Allegheny,47696,4200347696,Marshall township,6915,6254,85,8,456,3,22,87,152,10080,7506,147,11,1792,2,87,535,361,3165,1252,62,3,1336,-1,65,448,209,45.80%,20.00%,72.90%,37.50%,293.00%,-33.30%,295.50%,514.90%,137.50%
67,Allegheny,45900,4200345900,McCandless township,28457,26139,473,25,1436,11,84,289,311,29698,25686,573,26,1962,7,199,1245,639,1241,-453,100,1,526,-4,115,956,328,4.40%,-1.70%,21.10%,4.00%,36.60%,-36.40%,136.90%,330.80%,105.50%
68,Allegheny,46072,4200346072,McDonald borough,383,368,12,1,0,0,0,2,6,396,370,5,0,0,2,0,19,7,13,2,-7,-1,0,2,0,17,1,3.40%,0.50%,-58.30%,-100.00%,,,,850.00%,16.70%
69,Allegheny,46264,4200346264,McKees Rocks borough,6104,3896,1879,10,25,0,21,273,101,5920,2878,2454,14,75,2,68,429,129,-184,-1018,575,4,50,2,47,156,28,-3.00%,-26.10%,30.60%,40.00%,200.00%,,223.80%,57.10%,27.70%
70,Allegheny,46256,4200346256,McKeesport city,19731,12296,6301,60,52,8,114,900,451,17727,9175,6937,52,49,5,252,1257,625,-2004,-3121,636,-8,-3,-3,138,357,174,-10.20%,-25.40%,10.10%,-13.30%,-5.80%,-37.50%,121.10%,39.70%,38.60%
71,Allegheny,49920,4200349920,Millvale borough,3744,3487,143,10,9,0,18,77,52,3376,2978,122,7,19,0,43,207,115,-368,-509,-21,-3,10,0,25,130,63,-9.80%,-14.60%,-14.70%,-30.00%,111.10%,,138.90%,168.80%,121.20%
72,Allegheny,50528,4200350528,Monroeville municipality,28386,22570,3325,44,1669,11,119,648,425,28640,20084,4394,41,2136,9,443,1533,788,254,-2486,1069,-3,467,-2,324,885,363,0.90%,-11.00%,32.20%,-6.80%,28.00%,-18.20%,272.30%,136.60%,85.40%
73,Allegheny,50784,4200350784,Moon township,24185,21712,1086,24,759,6,186,412,488,27240,22290,1408,43,1394,8,399,1698,1114,3055,578,322,19,635,2,213,1286,626,12.60%,2.70%,29.70%,79.20%,83.70%,33.30%,114.50%,312.10%,128.30%
74,Allegheny,51696,4200351696,Mount Lebanon township,33137,31014,352,13,1221,8,96,433,580,34075,29696,498,29,1564,8,286,1994,1132,938,-1318,146,16,343,0,190,1561,552,2.80%,-4.20%,41.50%,123.10%,28.10%,0.00%,197.90%,360.50%,95.20%
75,Allegheny,51744,4200351744,Mount Oliver borough,3403,2090,1119,10,39,0,17,128,65,3394,1599,1273,12,136,0,80,294,184,-9,-491,154,2,97,0,63,166,119,-0.30%,-23.50%,13.80%,20.00%,248.70%,,370.60%,129.70%,183.10%
76,Allegheny,52320,4200352320,Munhall borough,11406,9979,1079,14,109,3,41,181,166,10774,8638,1385,10,114,0,100,527,254,-632,-1341,306,-4,5,-3,59,346,88,-5.50%,-13.40%,28.40%,-28.60%,4.60%,-100.00%,143.90%,191.20%,53.00%
77,Allegheny,53136,4200353136,Neville township,1084,958,36,3,1,0,50,36,70,1108,895,88,5,8,2,14,96,61,24,-63,52,2,7,2,-36,60,-9,2.20%,-6.60%,144.40%,66.70%,700.00%,,-72.00%,166.70%,-12.90%
78,Allegheny,54816,4200354816,North Braddock borough,4857,2486,2180,5,11,1,11,163,62,4320,1777,2165,1,16,0,40,321,109,-537,-709,-15,-4,5,-1,29,158,47,-11.10%,-28.50%,-0.70%,-80.00%,45.50%,-100.00%,263.60%,96.90%,75.80%
79,Allegheny,55016,4200355016,North Fayette township,13934,12941,397,18,347,6,47,178,197,16167,14151,514,17,489,7,188,801,436,2233,1210,117,-1,142,1,141,623,239,16.00%,9.40%,29.50%,-5.60%,40.90%,16.70%,300.00%,350.00%,121.30%
80,Allegheny,55488,4200355488,North Versailles township,10229,8483,1408,13,76,2,22,225,92,10074,7453,1872,12,63,2,87,585,202,-155,-1030,464,-1,-13,0,65,360,110,-1.50%,-12.10%,33.00%,-7.70%,-17.10%,0.00%,295.50%,160.00%,119.60%
81,Allegheny,55840,4200355840,Oakdale borough,1459,1411,23,1,5,0,3,16,10,1475,1351,26,2,7,0,1,88,17,16,-60,3,1,2,0,-2,72,7,1.10%,-4.30%,13.00%,100.00%,40.00%,,-66.70%,450.00%,70.00%
82,Allegheny,56088,4200356088,Oakmont borough,6303,6121,62,9,45,0,17,49,93,6758,6258,125,2,74,0,25,274,144,455,137,63,-7,29,0,8,225,51,7.20%,2.20%,101.60%,-77.80%,64.40%,,47.10%,459.20%,54.80%
83,Allegheny,56384,4200356384,O'Hara township,8407,7830,53,6,418,0,17,83,125,9284,7837,156,2,693,0,81,515,266,877,7,103,-4,275,0,64,432,141,10.40%,0.10%,194.30%,-66.70%,65.80%,,376.50%,520.50%,112.80%
84,Allegheny,56392,4200356392,Ohio township,4757,4461,87,0,149,0,11,49,81,7178,6468,142,3,234,4,46,281,133,2421,2007,55,3,85,4,35,232,52,50.90%,45.00%,63.20%,,57.00%,,318.20%,473.50%,64.20%
85,Allegheny,59032,4200359032,Penn Hills township,42329,25996,14631,89,321,3,232,1057,598,41059,21032,16753,56,316,5,488,2409,1019,-1270,-4964,2122,-33,-5,2,256,1352,421,-3.00%,-19.10%,14.50%,-37.10%,-1.60%,66.70%,110.30%,127.90%,70.40%
86,Allegheny,59152,4200359152,Pennsbury Village borough,661,641,10,0,4,0,1,5,8,677,631,13,0,10,0,0,23,10,16,-10,3,0,6,0,-1,18,2,2.40%,-1.60%,30.00%,,150.00%,,-100.00%,360.00%,25.00%
87,Allegheny,60272,4200360272,Pine township,11497,10701,143,13,460,1,48,131,220,14691,12484,222,11,1004,6,143,821,440,3194,1783,79,-2,544,5,95,690,220,27.80%,16.70%,55.20%,-15.40%,118.30%,500.00%,197.90%,526.70%,100.00%
88,Allegheny,60712,4200360712,Pitcairn borough,3294,2845,330,4,9,0,4,102,65,3101,2038,795,1,15,6,18,228,71,-193,-807,465,-3,6,6,14,126,6,-5.90%,-28.40%,140.90%,-75.00%,66.70%,,350.00%,123.50%,9.20%
89,Allegheny,61000,4200361000,Pittsburgh city,305704,201766,79710,584,13465,86,2405,7688,6964,302971,189948,69050,729,19836,116,5313,17979,11620,-2733,-11818,-10660,145,6371,30,2908,10291,4656,-0.90%,-5.90%,-13.40%,24.80%,47.30%,34.90%,120.90%,133.90%,66.90%
90,Allegheny,61328,4200361328,Pleasant Hills borough,8268,7837,226,3,108,2,20,72,86,8504,7520,270,6,357,0,41,310,148,236,-317,44,3,249,-2,21,238,62,2.90%,-4.00%,19.50%,100.00%,230.60%,-100.00%,105.00%,330.60%,72.10%
91,Allegheny,61536,4200361536,Plum borough,27126,25480,966,22,309,2,66,281,244,27144,24281,1201,22,327,6,180,1127,449,18,-1199,235,0,18,4,114,846,205,0.10%,-4.70%,24.30%,0.00%,5.80%,200.00%,172.70%,301.10%,84.00%
92,Allegheny,62320,4200362320,Port Vue borough,3798,3677,53,11,8,2,8,39,25,3680,3208,161,12,16,0,40,243,84,-118,-469,108,1,8,-2,32,204,59,-3.10%,-12.80%,203.80%,9.10%,100.00%,-100.00%,400.00%,523.10%,236.00%
93,Allegheny,63408,4200363408,Rankin borough,2122,383,1643,7,3,0,21,65,22,1896,260,1514,4,7,1,15,95,48,-226,-123,-129,-3,4,1,-6,30,26,-10.70%,-32.10%,-7.90%,-42.90%,133.30%,,-28.60%,46.20%,118.20%
94,Allegheny,64240,4200364240,Reserve township,3333,3256,37,10,11,0,2,17,14,3255,3035,47,4,19,1,21,128,37,-78,-221,10,-6,8,1,19,111,23,-2.30%,-6.80%,27.00%,-60.00%,72.70%,,950.00%,652.90%,164.30%
95,Allegheny,64528,4200364528,Richland township,11100,10730,56,14,188,1,10,101,127,11942,10957,83,12,326,0,72,492,191,842,227,27,-2,138,-1,62,391,64,7.60%,2.10%,48.20%,-14.30%,73.40%,-100.00%,620.00%,387.10%,50.40%
96,Allegheny,65352,4200365352,Robinson township,13354,12205,446,7,485,1,54,156,195,15503,13224,607,18,785,0,167,702,423,2149,1019,161,11,300,-1,113,546,228,16.10%,8.30%,36.10%,157.10%,61.90%,-100.00%,209.30%,350.00%,116.90%
97,Allegheny,66264,4200366264,Ross township,31105,29250,647,30,765,10,96,307,350,33567,29373,950,37,1507,6,255,1439,646,2462,123,303,7,742,-4,159,1132,296,7.90%,0.40%,46.80%,23.30%,97.00%,-40.00%,165.60%,368.70%,84.60%
98,Allegheny,66320,4200366320,Rosslyn Farms borough,427,414,4,0,6,0,1,2,10,441,420,0,0,4,0,2,15,3,14,6,-4,0,-2,0,1,13,-7,3.30%,1.40%,-100.00%,,-33.30%,,100.00%,650.00%,-70.00%
99,Allegheny,68388,4200368388,Scott township,17024,14568,321,20,1827,4,80,204,156,17649,13873,423,25,2505,1,148,674,360,625,-695,102,5,678,-3,68,470,204,3.70%,-4.80%,31.80%,25.00%,37.10%,-75.00%,85.00%,230.40%,130.80%
100,Allegheny,69376,4200369376,Sewickley borough,3827,3399,281,2,51,2,17,75,70,3907,3328,202,6,71,4,45,251,128,80,-71,-79,4,20,2,28,176,58,2.10%,-2.10%,-28.10%,200.00%,39.20%,100.00%,164.70%,234.70%,82.90%
101,Allegheny,69400,4200369400,Sewickley Heights borough,810,787,5,3,7,0,3,5,13,857,760,10,0,36,0,12,39,13,47,-27,5,-3,29,0,9,34,0,5.80%,-3.40%,100.00%,-100.00%,414.30%,,300.00%,680.00%,0.00%
102,Allegheny,69416,4200369416,Sewickley Hills borough,639,610,15,0,9,0,3,2,12,689,625,15,0,21,0,8,20,16,50,15,0,0,12,0,5,18,4,7.80%,2.50%,0.00%,,133.30%,,166.70%,900.00%,33.30%
103,Allegheny,69584,4200369584,Shaler township,28757,27995,206,18,267,5,34,232,234,28132,26297,298,25,317,0,131,1064,464,-625,-1698,92,7,50,-5,97,832,230,-2.20%,-6.10%,44.70%,38.90%,18.70%,-100.00%,285.30%,358.60%,98.30%
104,Allegheny,69776,4200369776,Sharpsburg borough,3446,2994,232,7,59,1,26,127,115,3187,2503,373,5,60,0,48,198,115,-259,-491,141,-2,1,-1,22,71,0,-7.50%,-16.40%,60.80%,-28.60%,1.70%,-100.00%,84.60%,55.90%,0.00%
105,Allegheny,72160,4200372160,South Fayette township,14416,13218,324,8,661,2,37,166,141,18358,14740,376,28,2266,4,126,818,363,3942,1522,52,20,1605,2,89,652,222,27.30%,11.50%,16.00%,250.00%,242.80%,100.00%,240.50%,392.80%,157.40%
106,Allegheny,72400,4200372400,South Park township,13416,12738,379,7,106,6,26,154,112,13727,12374,425,11,248,5,72,592,201,311,-364,46,4,142,-1,46,438,89,2.30%,-2.90%,12.10%,57.10%,134.00%,-16.70%,176.90%,284.40%,79.50%
107,Allegheny,72568,4200372568,South Versailles township,351,342,5,0,3,0,0,1,1,310,296,0,0,2,0,2,10,14,-41,-46,-5,0,-1,0,2,9,13,-11.70%,-13.50%,-100.00%,,-33.30%,,,900.00%,1300.00%
108,Allegheny,72960,4200372960,Springdale borough,3405,3344,19,3,4,0,7,28,19,3400,3126,50,3,2,0,35,184,49,-5,-218,31,0,-2,0,28,156,30,-0.10%,-6.50%,163.20%,0.00%,-50.00%,,400.00%,557.10%,157.90%
109,Allegheny,72968,4200372968,Springdale township,1636,1629,3,2,1,0,0,1,10,1540,1447,11,3,3,0,6,70,24,-96,-182,8,1,2,0,6,69,14,-5.90%,-11.20%,266.70%,50.00%,200.00%,,,6900.00%,140.00%
110,Allegheny,74648,4200374648,Stowe township,6362,4957,1116,5,27,2,34,221,86,6426,3827,1962,18,51,0,105,463,219,64,-1130,846,13,24,-2,71,242,133,1.00%,-22.80%,75.80%,260.00%,88.90%,-100.00%,208.80%,109.50%,154.70%
111,Allegheny,75816,4200375816,Swissvale borough,8983,5308,3148,18,149,0,66,294,200,8624,4739,3026,22,179,10,143,505,328,-359,-569,-122,4,30,10,77,211,128,-4.00%,-10.70%,-3.90%,22.20%,20.10%,,116.70%,71.80%,64.00%
112,Allegheny,76104,4200376104,Tarentum borough,4530,4165,232,13,23,0,12,85,47,4352,3589,356,6,24,1,40,336,96,-178,-576,124,-7,1,1,28,251,49,-3.90%,-13.80%,53.40%,-53.80%,4.30%,,233.30%,295.30%,104.30%
113,Allegheny,76560,4200376560,Thornburg borough,455,446,0,0,4,0,0,5,5,466,433,3,1,7,0,0,22,13,11,-13,3,1,3,0,0,17,8,2.40%,-2.90%,,,75.00%,,,340.00%,160.00%
114,Allegheny,77272,4200377272,Trafford borough,61,61,0,0,0,0,0,0,0,90,78,0,0,1,0,2,9,4,29,17,0,0,1,0,2,9,4,47.50%,27.90%,,,,,,,
115,Allegheny,77912,4200377912,Turtle Creek borough,5349,4194,927,18,34,0,25,151,71,5114,3078,1546,4,44,2,66,374,101,-235,-1116,619,-14,10,2,41,223,30,-4.40%,-26.60%,66.80%,-77.80%,29.40%,,164.00%,147.70%,42.30%
116,Allegheny,79274,4200379274,Upper St. Clair township,19229,17717,152,7,1097,2,53,201,254,21160,17682,209,26,1989,3,152,1099,576,1931,-35,57,19,892,1,99,898,322,10.00%,-0.20%,37.50%,271.40%,81.30%,50.00%,186.80%,446.80%,126.80%
117,Allegheny,80032,4200380032,Verona borough,2474,2224,193,2,4,0,11,40,54,2492,2088,235,1,13,0,26,129,63,18,-136,42,-1,9,0,15,89,9,0.70%,-6.10%,21.80%,-50.00%,225.00%,,136.40%,222.50%,16.70%
118,Allegheny,80040,4200380040,Versailles borough,1515,1375,94,2,11,0,1,32,15,1476,1172,195,3,4,0,16,86,37,-39,-203,101,1,-7,0,15,54,22,-2.60%,-14.80%,107.40%,50.00%,-63.60%,,1500.00%,168.80%,146.70%
119,Allegheny,80600,4200380600,Wall borough,580,521,41,0,3,0,0,15,6,519,414,56,0,1,0,3,45,12,-61,-107,15,0,-2,0,3,30,6,-10.50%,-20.50%,36.60%,,-66.70%,,,200.00%,100.00%
120,Allegheny,82800,4200382800,West Deer township,11771,11570,60,16,52,2,11,60,95,12262,11708,56,10,43,1,58,386,183,491,138,-4,-6,-9,-1,47,326,88,4.20%,1.20%,-6.70%,-37.50%,-17.30%,-50.00%,427.30%,543.30%,92.60%
121,Allegheny,82848,4200382848,West Elizabeth borough,518,501,15,0,0,0,0,2,0,403,373,6,0,1,0,1,22,8,-115,-128,-9,0,1,0,1,20,8,-22.20%,-25.50%,-60.00%,,,,,1000.00%,
122,Allegheny,83200,4200383200,West Homestead borough,1929,1620,249,1,8,0,7,44,17,1872,1487,258,0,9,1,23,94,45,-57,-133,9,-1,1,1,16,50,28,-3.00%,-8.20%,3.60%,-100.00%,12.50%,,228.60%,113.60%,164.70%
123,Allegheny,83512,4200383512,West Mifflin borough,20313,17580,2230,14,78,0,51,360,251,19589,15632,2489,21,185,2,204,1056,453,-724,-1948,259,7,107,2,153,696,202,-3.60%,-11.10%,11.60%,50.00%,137.20%,,300.00%,193.30%,80.50%
124,Allegheny,84144,4200384144,West View borough,6771,6498,114,2,36,2,14,105,68,6685,5982,189,7,79,3,58,367,177,-86,-516,75,5,43,1,44,262,109,-1.30%,-7.90%,65.80%,250.00%,119.40%,50.00%,314.30%,249.50%,160.30%
125,Allegheny,84440,4200384440,Whitaker borough,1271,1091,152,0,0,0,9,19,18,1179,874,192,2,6,0,19,86,37,-92,-217,40,2,6,0,10,67,19,-7.20%,-19.90%,26.30%,,,,111.10%,352.60%,105.60%
126,Allegheny,84704,4200384704,White Oak borough,7862,7367,280,9,71,6,14,115,73,7630,6759,443,10,44,7,63,304,137,-232,-608,163,1,-27,1,49,189,64,-3.00%,-8.30%,58.20%,11.10%,-38.00%,16.70%,350.00%,164.30%,87.70%
127,Allegheny,84512,4200384512,Whitehall borough,13944,12701,521,11,532,3,24,152,132,15064,11772,688,12,1985,5,88,514,210,1120,-929,167,1,1453,2,64,362,78,8.00%,-7.30%,32.10%,9.10%,273.10%,66.70%,266.70%,238.20%,59.10%
128,Allegheny,85184,4200385184,Wilkins township,6357,5320,752,16,132,1,25,111,80,6350,4534,1244,8,154,4,72,334,149,-7,-786,492,-8,22,3,47,223,69,-0.10%,-14.80%,65.40%,-50.00%,16.70%,300.00%,188.00%,200.90%,86.30%
129,Allegheny,85188,4200385188,Wilkinsburg borough,15930,4510,10615,67,163,3,69,503,289,14349,4582,8423,33,244,2,197,868,416,-1581,72,-2192,-34,81,-1,128,365,127,-9.90%,1.60%,-20.70%,-50.70%,49.70%,-33.30%,185.50%,72.60%,43.90%
130,Allegheny,85496,4200385496,Wilmerding borough,2190,1647,395,12,7,0,20,109,51,1781,948,670,9,10,0,18,126,59,-409,-699,275,-3,3,0,-2,17,8,-18.70%,-42.40%,69.60%,-25.00%,42.90%,,-10.00%,15.60%,15.70%
